Epoch,Train Loss,Train Accuracy,Eval Loss,Eval Accuracy
1,nan,0.9718329805776893,nan,0.8931998996559632
2,nan,0.9767017866035856,nan,0.8931998996559632
3,nan,0.9767017866035856,nan,0.8931998996559632
